antibody_id,heavy_chain,light_chain
kinetic-template,EVQLARSGAEPTMPGETVKLSCKTSGYNASDTSFYIGAARQTGGKGLEWMGHISPTNGNPIYYSEKIQARLTLTADTTTETTYIQLLAFKSEDSAMFYAARHRTGHYYGYGSYWPLNGGDIWGGGTLVTVSA,ESVLTQSPGSLIISVGERATISCKASQDLVNDTGHSFPHWRYLGKPGTAPKLLGYGASNRASGAPGRFNGSGSGTDFSLTISRTASELKPKDVATYYCQQYNATPPTYRSQTYGGGTRAEIKSQP
partial-lagoon,QVGLVQSGPEVKTPGESVKISCTAGGYSFSSGLYWIDWVRERHGQGLEWMGMIHPSTSENTKYNPSFQSRVTISVNNSTNTAKEELSSLKAEDTATYLAARSAAVDVYTRGAYGKADRFEAWGQGALATVSS,ELVLTQSPLSTSVSPGERATLSCRASQSLVYGNGYNNLAAVTRQMPAEATRLLISGGSTRATGVGSRLSGSGSGTDYTLTINSQTKQLQSEDFAAYYAMRYNNWPTRLIKQTFGGGTKLEIKDFP
glowing-avocet,QARLVESGAEVTKTGQSTKVSAKMSANTYSSADYTVSAVHQYPGKALFWIGHIYYPNGYYRDNAGSFQGRVTISTDASKSTTYLTLSSLKSEATAIYRCQYRRRYYKVGVSSYVPLDWYDNLGQGTLVTVSS,DVVMTQSPESLAVNPGERISISCKGSQSLIASDGQNYVHWRYKAKPGQSPKILAYSASNRATGVPARISGSGPGTGFTLAISSISNAIQAEGLTTNRCQRELETAIVRSFRPFAGGTVLEIKALK
approximate-entrepreneur,EVQLLQSGAGAKKPGATVTISCVVSGYSYSSYYSGIDKVRQRPGHGKDCVGGIYPRSGYYTHYTEKFQGRVTYPSGKQTNNAYLQLNSVTTEDTAVYYCARPGLESFYGVGVNWSHNNSMSIGQGTLVTVSE,GIRITQSRASLSVSAGEPASIQARVSQSLIKGDISNYLEYYYQRKPGQPPKLFIYSASTRATGVPARLPGSGSGTDFTLTISSRDGFVGSEDFGIYYCQRVENTPPQLGQPTFDQGTKLEIKGYK
recursive-basin,EVQLVEIGPEDKKPGTTLKLSCVPSGVSFHSTNYAVSGVKQSPGQGPEAMGNTYPSSGCDTDYCQKFQVRATITTRRSTSTVYLELNSLKPDDPAVYYCARVSHNTEKTPGSYFHPGDEELWGQGTLVTALS,DIVLTDSPSGLSASTGERPTISKRVSNSLSDFDRSTTLAWFFQARPGRSEKALIRAASSRASGVPVRFSGSGSMTSFAFTISSAAAALEAEHPATYYCQQSRDDPAARASAAFGGGTRVEIAPLA
free-hearth,EVQEVDEGGEVVKPGKSARISCKNSGYGFSSQSYAVSWIREAEGKGLAAMTVISPTGAAGIHRNEKVQGRVTISKDHSSNTVYLEMNSLKSEGTAIYAAARNGQYNFVVVGSYWGYGLFDSWGEGALCTVSS,ETVLTQSPFTLSVSPGEPITVSCRSPQNLVDSNVYNNINWEYQKKPGQAPPRLIYVNSNGASGAPDELKGSGSGTDFVLTIRRCPKEIKDEEVVVYYCQKSIVSPVEWVVATFGQNTRVEIKKKV
smoky-latitude,EVRLVQSGREVVKVGESLKISCKASEYNFSSTNYYTGWVRKPPGQVRMWISYIYHTTTEGTNYSAVVKPYAGVCYGKSINTVTLHMNSVKASDTAVYYCANTIRYDVYSVSPTWDHDWVDSWGQGTLVTVPQ,DSQLTQSQSSWSLSVGDFVHGTCKTSQSLSQPDVYSYTHWSGRRHPAQTPKLLIYLASTRGSGVGTHISGSGSGTDYTLTISSFGSTTRAGGFATRFCQQSRADTTRAGRQTDGSGTKVGTKGSR
internal-rundown,QAGLVQSGAELKKTGSSLRVSCKSSWYTYSSSYYAIHIIREAPSKGLEWVSRINSRHGYYTTYAPSIQGRVTFSTDKSTSTIYMPLSSLSSEDTAVYFCAPHASEHYVGSGTSWLHDWAESSGQGTTVTASN,DIVITQSPLTCSVSLGETTSVSRRTSQNLIDNNKYHYFAWLYQQKPGQAPTLLIYAGSYRASAVSDRPSRSGSGIDYTLTISSKSTIVECDGVAVRYCQRSNSTPTRLAALDFAAGTKPEIKNPS
critical-tin,QVFLVQSGAELTNPGASVKVSCKTSGYSFSTTSYGMSWIRRAGGQGLEAIGWISHRSGYRTNASPKFQGRVTINTGASTSTVYTQLRSLKPEDTTVYYSARDGAHSFVAAGSAWGLDWGGYAGEGTIVTVSA,DIVITTSPMTRSVSVGEAASISCCRSQSCIDGNGYNYMNWIYRQKSGQAPRELIYGASKVATGFPARFSASGSGTDFTLTISYTAVNVEPGGVGSYYCQRARSTPSKRAYQTFGAGTRVEIKLAN
gilded-stud,VAQTLQSGPELMQPGASVKISCTDSGYTISSTSYAFSWARGSGGKSLEWVGWIHWHTGVGTQYADSFQGRATSDRDKSKNTASAQFNSARSEHSGVAYGASDRTTTTYGLGRPVVVGWADSWNQGTLATASS,DLVLTQSPASVSVTPGTSASISCQSSQSQVDSNDYNYANRAYQQMPGQAPTLMIRSASYRPSGVPSRISSSGSGTSASLTISRVNANLQEENEANYRCQTSSVSGNRICSPVFNSGTKLEIKGPP
concave-glove,EVQLQESGAGLVKTSESGSISCTTSGGGGPSGGYWMSWGRQGPGGGLEWSGRIYGVSGDGTNGRGSLKERGTLSPDTSTNTASLGMSSVTASDTALYYGARGAMGGPVGGGSYGGLNGGDGQGQGTLVTVSS,DYVLTGSPASASVSPGESPTISCRATQTFVDGDGTKYVAWAAQAKPGQAPKLLISLDSNRPTGVPSRFSGSGSGTDYSLTITGAKNTLQNEDVADYYCQQVRSSPPARGSPSYAALTKLDAKNPS
boolean-burbot,EVELCESGAEVEKPGSSVKVTCKVTGYAFSSTSYAISKVVQAGNPSLASIGELSPSSGDYTRYNEKVTAKVTLTADKSTNTTYLELTPLTSEGTAIYICTRRARYDRSGVGSDYVGDWQDPAGQGTLATVSS,ETVLTQSPGTVTVSPGERATMSAKVSISTRMSVSTNYLNWAYEQKPGQAPRLLIHGASNRASGVSARLSGSGSGSLFSRTISSNEDEVEAFQLAIYYCDQNTSDPECLPRDTYGGGTKLEIKEVP
magenta-food,EAQLQESGAELNKTGASAKVSCTHSGYSLSDTSYYINGAKQAPDKGPFALGGLYASSRYGDDTAQSTKSLVHVTRDRTKNTTSLELSSLKAEGTGIYYALGWGSYGKAGLGCSGLDGYFAYWAQSTLVTASS,EIVLTRSPATVTVSPLQRATVSCRNSNSNVDSDGYSYLHWYYQQKPGQAPKLAIGSASNRVSGVPSRFSGSGSLTDYALTISSDAAALQAGDAADYACGAAANDTPGRGSATFGPGTRVTIKGQL
exponential-cymbal,EVELVQSGPETVKPDKSVKVSCKTEAYSFSTPSHYVSAARSSTGQGLEWMPGIYASSGYKTDYAEPVQSRVTKTVDKTTTTAYTELSSLTAKDTAVYYIARDGTYDRYAGGHYGHHNWEDYWGQATMATVSH,EGVMTQSPATLRLSEGERVTISCTYSQNNISINSYNDIGWTYIQKPGQPPETLIYLSSVRATGIQDHFSGSGARTDYALTITRATAAMQPEDLAVYYCQQSNEDPPNGGPTTFGGGSRVEIKGQP
soft-spook,QAERVRSGEELKQPADSVKISCKTSGNTFSSSHGEMNWVKHAPCQGREWLGYTLARSGYGTHYSPKFVGRTTITAGKTSSTTKMQLSSLMSEGSAVYRCARVSTTSCNGLPSYYPHGGADVWGQGTTVTVSS,ESVITQSPSSQPASPGELLTISCQASPINIVNKSYNHIACEYQQMPGQVSKLLTAGASIRPSVVPSRHSGSSSGTLYTLTISFIASILCSEDFAVYVCQNFCSLKACWGSVAGGGETKVEIKGQL
creative-halftone,EAQLVFSGAELTQPGNSLAISAKSSEDSIYSVNYVVSWVREAPGQGHLIMGGIHPVPNTGTKYGQVFQGRVTITADNSTNTAYVKSTSFPSDDTAVYYCTRHTFCGGVNLGSGYLQTAFDYWGQGTAVIVSS,GIVMTQSPATLSASPGETATISCKGSNSISDNAGPNYLAWVYQQKPAPPPKLLIYSASNRANGDPEGFSGSGSAPGVSLTSSSVPKIVEEGDAAARYCQQTNVVPAKWETKTFVPGIKLEIAGQG
brilliant-charge,TVQLRQSGSEAKRPVESLKVSAKASSVSFSSGAYYASDIRQAPGNTLEWMGAANAANSNDTAYNQSFQGRVTINRDKTITTAYLQLNNLTAEDTDCFYCATDASCDFITNGPYYFNDWADTWGQGTMVVVFS,EIVTTQSGSTMSVPLGEHATISCRGSESPVSSYESNLGAWSYQQKPAKAPKRLIYRYSNRPSGVPSRFSGSFSGTDVTLDISGWGSSLQSEDVAIRYAQQFSNLPSTFGLTTFGQGTKVVIKDCS
strong-bear,EVQRQQSGAEVTKPGGSLKVSCKTSGYTFSSTTAAVSWVKQPHGTGLEWTGWLYHESGDGTNYAESVRGRVTVSYGKSTSTASLQMSSLRSEGTHVYYSARPGTGDWWGVGWGWGGNWFDSWAQGTTVTGSS,EAPLTQSGLSLSASSGNRATHTCRTSQAKVQNSIYIYIHWGYQQKPAKSPQLLIYGASSRGTGVPSRFSGSGSGTDYTLTISSNSLTLQPEDYATYFCQQSNVSPNNYESQTHEQGTKEEIQDQT
minty-cylinder,QVGFVEWAGGVKIPSASKKLSCKASVGSVSSTNYGISAVRQAGAEGLKAVGWISGMGGTYTDYSESLKGVVTISAAKSTTTTFIELSSLRPSSTTVRYCAPPASQDRVGSGSPGGPGWFKPWGEGTLITVSS,DLEMTQSPLSLAVSLGESISIPCRTSQSLVDSDKYNFPDLLYAQKPGISPRLLIYTGSSRATGSPDRISASGSGTDFTLTITKQGDGVEAERIATYYCQQPRNTPRRINSQAFAQSTKLEKKAKA
bitter-folder,EVRLMESGAVVKQPGQSLKVSAKDSGYAFRNTSYSISWPRGAPGQGLEWMGYIYPNSGDGTNRSQSVQGLVTISTNKSISTASLQLSSLKAEDTPVYATARHDGYHWFAYTCHWMHGAADHWGQITLVTESS,ETVLTQSAATLSVTPGEGASLSCKALQSLVHNNGYNFIAAFYNQKPGQSPKRLIRGGANVGSGIPSRYNASGSGTDTSQTITSDHSALQSEGVQVYYCEQYTTTPKSPTSKTFPGGTKVEILPQV
contemporary-wine,KVERTQRGAEVKKPDKSLKISCAASGYSASDTSHYINWVQQAPGKALEWIGIIYPSSGDRTKYAEAFQGRVTITRDGSKNTAYARCNSVTPEGTAVRYCARHGSQTRFAIGSYWPVDQEGFWRQGTFVTVCS,GIVLTQSPPSLSAPVGESATASARGSQSEVDADGYNYLQADYQQKPGQAGQLLIYGVSNRESDVPARLSNAGAGTGYTTTISSAAVWIQSADFGVYFCQQANNTPSGRVSTRFAGGAATLPKGKT
quadratic-format,EVDTTQSLASAKMLGESVRISCKASGYTFTKPYYTYQWVKQTKAEILYWVGVTDPANSDVINYQPKEQGRVTLGVRKSTSTNWMRRRSLRSEDTNVYYCRRVRTYHYVNNGGGWVDNWFHNFGEGTMVTVSS,EIVLTQSPASIALSTGERATISCRANHPFIHSDGSNYLDWVRQQKPGQSPTRHIYGASYHETDIPDWFSGSGTGTDFTLTIRRSTSVVEAEDTGVYYCQQFSVSPPDWEASNYGDGTRVEIPGVH
avocado-bumper,EAERVESGAEVKKPGASTKISCKAAGYSFSSTSYWMHWVRQMPGEGLEWMGRIYPSKSCGSNRSMKCQGRVTLSTDTSTNTASLQLRSLTPSDTATYRAARQAFHGWVGIGSTWPDDWADVWAQMTLVTVSS,EIVNTQSPGTLSVSPGERATITCKASESTIAGNSYPYIGVNYLKKPGQAPKFLIYSASNRISGIPSKFNESWSGHDFALTISNPPQIIQSFDFADYYCQHINSSPPRYQSLTFGAETKVEIKTQP
cold-electricity,EVFLLQAGPFLTHTGSSLKVTCKNSGNSFTTGSYTIKAVRQSGGTATFWIGSIIPSNGYGTNTAKTIKGRATISADTSTNTAYMELSSLASEGSALYSCARDAQNSWVGRGWYYGLNGFGMAGQGTTVTVSS,ESVMTGSEASLSVCPGESATISCRTTQSLIYSDGTNYLHWTTQQKTGQSPKLCIYSHSKRASGVSGRTSGSGFRTDATLTISSHSYSTTAEDVSTYYDQQALNPPAHHGSSTYGQGTRLEIKNAP
flat-gutter,EVDLNQSGAETKITGQSIKVSCKTSGVSFPEADYATPLTRQHHGKALEWMGNTNYGTGYTTNYGPKIQVRVTLNSGKSTSTAYLPKKSLKAEYTTIYYCVRDGHQTNVESTGQGQIGYFNYWGEGTLVTVSN,GIAMTGSGSTISVSPGERATISCRASQSTVDKSVSNYVHWVFQQLPATSTKRIINGSSNRESDVPSRTSGSKSGHDPTLTISRRSSDLEPEDVAVYYCQSYTSTPSELVSQTYGQATKAEITGQD
symmetric-pad,QAQLVQSGAGVTKGAASVKLSCKTSGYSISSYSYGVSAVRQAPGQGPEWVGGISPMSGPYTHYAQSVQARLTLTVDKSTSTAYLELTASNPEDTATYYAARNARGTRVGVGPHYLLDWHDYWGAGTLVTVST,DIVMHQSPTTLSVNVYEPATISCKTSNTLANGDGSNYVVWYYQQKAGQSPKRLIAGISTRATGVEHKFSGNASGTDITLTISSTHTAVEPEDFAVHYDQQYRNWLKKLISPTFGGGTKGNRPSKV
antique-structure,QAQLEQSGVEVVKPGSSVKVSSKTSGYWASTTSHWISWVRRSPAKGFEWMGGIQPGSGNYTNFNEKYQGRATITAGKSSNTAYTQLTSLTAEGTTTYYCARNNTHDTYGSGSSYPLDYFDVWGQATTITVSS,EVVLTQSPGTTSLPPGERATLSIHASHHLVDSDGSTYVSWVYQEKSGQATRRTIYGASNRASGIVGRFSGSGSATGYTLTIRRADVSVESEQSAVFFAQQFSSTPQKWGSVTFGHVTRLEIKGSP
cream-callback,GNFLVESGAGATKPAPSLSVSCKVSGESFSSGSYGISWARQAGGPGLEWMGGIIPSSGEFINRGPSFQGKATITAGRSTTTAFFELSSLTSEDTAVYYCMRPRRFDFYGLTSYQPLGWHGYWGQGTLATVSS,DAVMTQSPPTLPVSVGESASISKKAAESVVSSDAYNYLNWAYEENPGQSPEMLIWAGTNRESGIPDRFSGSGSGTGFTLSISRVRSATEAGAVAVTYAMGSIAHPKPWGTKTFGQGTKVEIKGQD
inventive-amarone,QAQIVQSGPGLVKTGTSVKVSAKTTGYNFSNKNYIVSWVREVPGRGLEAMGRIYGRDGDYTDRAEKVVGKVTISTDKDKNTWYLQMSSLKAEDTAVSYAARNDLVCYGGGGRYGLHNAYDNAGQGTLVTVSS,DIVTTQTSGKLSISLGERVTINYKTSQSYVDGSGYNYTHHAYEQKDGKYPKLLIYGGSNRESGVPDRDSGSNAGTDVTLTISEVVMVVQSDDKINRYCSQSTDYTLYLDAVTFLQGTTYEIKYNP
messy-discriminator,EVRLVQAGPEVKQQKESAKLSCKTFGLSVSSTHYGNNWAHGAPGNGPEAIGHILPMNGYGIHYCPKVQGNSTISTDKTTSTAYMDLSSATSEDTAIYYCTVPATKLTYGTACGWGLSYFDPWAQGTLATVSS,EIVITQSPITLPVSPGEPASITCRASQSVLHSDGYNYLDWGVKQKPGQAPQHLIALASRRASGVGARFSGSGSGHDFTLKIRAYNAIVQSEGVGVYYCQAANQTPQGFGQQTFGGGTKLEIKNDP
