VH,VL,hv1,hv2,hv3,hv4,hv5,hv6,hv7,lv1,lv2,lv3,lv4,lv5,lv6,lv7,lv8,lv9,lv10,kv1,kv2,kv3,kv4,kv5,kv6,kv7,CNN_P
EVQ-LARSGA-EPTMPGETVKLSCKTSGYNAS-------DTSFYIG-AARQ-T-G-G-K--G-LE-WMGHISPTN----------GNPIYY--S--E--KI--Q---ARLTLTA-D---T-T--TE----T-TYIQLLAFKS-EDSAMFYAARHRTGHYYGY---------------GSYWPLNGGDIWG-GGTLVTVSA,ESV-LTQSPGSLIISVGERATISCKASQDLVND------TGHSFPH-WYLG-K-P-G-T--A-PK-LLGYGA----------------SNR--A--S--GA--P---GRFNGSG-------S--GT----D-FSLTISRLKP-KDVATYYCQQYNATP-----------------------PTYRSQTYG-GGTRAEIK-,5.2709078e-05,9.482626e-10,5.656149e-14,3.877394e-09,6.7671397e-09,1.5581338e-07,3.675143e-08,3.3703805e-06,4.4669642e-07,2.3732614e-08,1.2884834e-07,2.3207546e-07,2.9199754e-11,4.556162e-07,4.988042e-09,5.8135265e-07,1.9938139e-07,7.2665415e-07,0.00011309265,0.99086756,2.9652096e-05,1.0384755e-08,1.2607404e-07,2.195399e-07,3.247098e-10
QVG-LVQSGP-EVKTPGESVKISCTAGGYSFS-------SGLYWID-WVRE-R-H-G-Q--G-LE-WMGMIHPST----------SENTKY--N--P--SF--Q---SRVTISV-N---N-S--TN----T-AKEELSSLKA-EDTATYLAARSAAVDVYTR---------------GAYGKADRFEAWG-QGALATVSS,ELV-LTQSPLSTSVSPGERATLSCRASQSLVYG-----NGYNNLAA-VTRQ-M-P-A-E--A-TR-LLISGG----------------STR--A--T--GV--G---SRLSGSG-------S--GT----D-YTLTINSLQS-EDFAAYYAMRYNNWP-----------------------TRLIKQTFG-GGTKLEIK-,0.23463461,0.00028902895,5.4893996e-09,0.0111009935,0.056277942,5.9897357e-06,0.0025328589,6.968344e-11,2.5514338e-10,3.848378e-12,2.4668973e-12,9.912097e-12,6.326552e-14,9.928185e-11,2.602616e-13,3.144646e-09,1.0543014e-09,3.600329e-14,1.0442896e-07,0.9999998,1.5398067e-09,8.893454e-12,9.395448e-10,1.806603e-10,1.132745e-10
QAR-LVESGA-EVTKTGQSTKVSAKMSANTYS-------SADYTVS-AVHQ-Y-P-G-K--A-LF-WIGHIYYPN----------GYYRDN--A--G--SF--Q---GRVTIST-D---A-S--KS----T-TYLTLSSLKS-EATAIYRCQYRRRYYKVGV---------------SSYVPLDWYDNLG-QGTLVTVSS,DVV-MTQSPESLAVNPGERISISCKGSQSLIAS------DGQNYVH-WYKA-K-P-G-Q--S-PK-ILAYSA----------------SNR--A--T--GV--P---ARISGSG-------P--GT----G-FTLAISSIQA-EGLTTNRCQRELETA-----------------------IVRSFRPFA-GGTVLEIK-,0.27695507,0.02274127,0.069521226,0.61598796,0.013031631,3.0365809e-05,0.00030198338,0.00051527977,1.791111e-08,1.5382295e-07,2.2777426e-08,3.2475327e-06,1.7665756e-10,9.855495e-07,1.5874441e-07,2.2560624e-07,3.5862044e-07,6.252178e-11,9.285739e-07,0.00066507445,2.3415228e-06,2.3265512e-08,3.4355634e-07,5.904489e-06,1.6990032e-28
EVQ-LLQSGA-GAKKPGATVTISCVVSGYSYS-------SYYSGID-KVRQ-R-P-G-H--G-KD-CVGGIYPRS----------GYYTHY--T--E--KF--Q---GRVTYPS-G---K-Q--TN----N-AYLQLNSVTT-EDTAVYYCARPGLESFYGV---------------GVNWSHNNSMSIG-QGTLVTVSE,GIR-ITQSRASLSVSAGEPASIQARVSQSLIKG------DISNYLE-YYQR-K-P-G-Q--P-PK-LFIYSA----------------STR--A--T--GV--P---ARLPGSG-------S--GT----D-FTLTISSVGS-EDFGIYYCQRVENTP-----------------------PQLGQPTFD-QGTKLEIK-,0.99302053,2.3364155e-10,0.00028204554,2.236273e-09,4.1803953e-05,6.465899e-05,3.57867e-07,1.6107647e-09,2.0998227e-10,1.465005e-05,1.2791564e-08,4.824713e-07,3.6342582e-09,2.0509556e-06,3.476191e-07,5.17031e-07,2.5195533e-07,1.2654765e-05,0.021653252,0.0022720043,0.97079337,7.499844e-10,4.1809716e-07,8.635846e-07,1.3413685e-36
EVQ-LVEIGP-EDKKPGTTLKLSCVPSGVSFH-------STNYAVS-GVKQ-S-P-G-Q--G-PE-AMGNTYPSS----------GCDTDY--C--Q--KF--Q---VRATITT-R---R-S--TS----T-VYLELNSLKP-DDPAVYYCARVSHNTEKTP---------------GSYFHPGDEELWG-QGTLVTALS,DIV-LTDSPSGLSASTGERPTISKRVSNSLSDF------DRSTTLA-WFFQAR-P-G-R--S-EK-ALIRAA----------------SSR--A--S--GV--P---VRFSGSG-------S--MT----S-FAFTISSLEA-EHPATYYCQQSRDDP-----------------------AARASAAFG-GGTRVEIA-,3.3512722e-05,9.0988745e-09,8.621498e-12,4.733933e-12,2.0730755e-07,5.4564278e-09,7.203886e-09,5.2220938e-05,9.402884e-06,3.8501264e-05,9.758745e-08,7.0439077e-09,9.778212e-07,6.0963674e-07,8.1216086e-08,1.3312763e-05,6.541336e-08,1.9157447e-08,0.0023136928,0.9973639,3.3120537e-05,1.1049121e-08,0.00012855057,1.1628282e-06,9.072106e-29
EVQ-EVDEGG-EVVKPGKSARISCKNSGYGFS-------SQSYAVS-WIRE-A-E-G-K--G-LA-AMTVISPTG----------AAGIHR--N--E--KV--Q---GRVTISK-D---H-S--SN----T-VYLEMNSLKS-EGTAIYAAARNGQYNFVVV---------------GSYWGYGLFDSWG-EGALCTVSS,ETV-LTQSPFTLSVSPGEPITVSCRSPQNLVDS------NVYNNIN-WYQK-K-P-G-Q--A-PP-RLIYVN----------------SNG--A--S--GA--P---DELKGSG-------S--GT----D-FVLTIRRIKD-EEVVVYYCQKSIVSP-----------------------VEWVVATFG-QNTRVEIK-,1.7339848e-07,6.683806e-08,4.8125236e-07,1.7318699e-10,1.03768665e-08,4.2698708e-10,5.1298642e-08,9.327659e-05,1.1943575e-08,2.0829939e-05,2.1992447e-07,3.8533203e-06,2.0013097e-08,6.59226e-07,2.4399205e-07,2.1056629e-05,8.9808583e-07,2.5406322e-08,0.003711752,0.00083926244,4.32373e-05,1.718196e-06,0.0005951563,9.173764e-06,2.5408514e-29
EVR-LVQSGR-EVVKVGESLKISCKASEYNFS-------STNYYTG-WVRK-P-P-G-Q--V-RM-WISYIYHTT----------TEGTNY--S--A--VV--K---PYAGVCY-G---K-S--IN----T-VTLHMNSVKA-SDTAVYYCANTIRYDVYSV---------------SPTWDHDWVDSWG-QGTLVTVPQ,DSQ-LTQSQSSWSLSVGDFVHGTCKTSQSLSQP------DVYSYTH-WSRR-H-P-A-Q--T-PK-LLIYLA----------------STR--G--S--GV--G---THISGSG-------S--GT----D-YTLTISSFRA-GGFATRFCQQSRADT-----------------------TRAGRQTDG-SGTKVGTK-,0.003723535,2.2182627e-05,0.0009219885,0.0028594837,0.9836777,9.059232e-06,2.0382497e-05,1.1814346e-09,1.5430281e-09,1.3798039e-10,2.9447031e-09,1.8352639e-08,2.9192904e-10,4.2432993e-10,2.674292e-10,5.7120886e-09,7.274263e-10,5.3125916e-07,1.2878578e-08,3.455349e-10,1.12034755e-08,5.0866564e-11,2.0944015e-09,5.998772e-11,0.0
QAG-LVQSGA-ELKKTGSSLRVSCKSSWYTYS-------SSYYAIH-IIRE-A-P-S-K--G-LE-WVSRINSRH----------GYYTTY--A--P--SI--Q---GRVTFST-D---K-S--TS----T-IYMPLSSLSS-EDTAVYFCAPHASEHYVGS---------------GTSWLHDWAESSG-QGTTVTASN,DIV-ITQSPLTCSVSLGETTSVSRRTSQNLIDN------NKYHYFA-WYQQ-K-P-G-Q--A-PT-LLIYAG----------------SYR--A--S--AV--S---DRPSRSG-------S--GI----D-YTLTISSVEC-DGVAVRYCQRSNSTP-----------------------TRLAALDFA-AGTKPEIK-,0.9988612,7.610719e-05,0.00015464601,4.2447826e-07,0.000591244,0.00011871886,3.4708406e-05,4.0444154e-10,2.5890552e-08,1.4664355e-06,4.9640764e-08,3.93183e-07,6.19065e-10,2.7428607e-07,2.8361598e-08,5.0241347e-06,9.0399844e-08,4.034763e-09,0.00023854797,5.3262006e-06,0.0004835215,1.3718795e-09,9.657613e-09,1.291629e-08,1.1373636e-20
QVF-LVQSGA-ELTNPGASVKVSCKTSGYSFS-------TTSYGMS-WIRR-A-G-G-Q--G-LE-AIGWISHRS----------GYRTNA--S--P--KF--Q---GRVTINT-G---A-S--TS----T-VYTQLRSLKP-EDTTVYYSARDGAHSFVAA---------------GSAWGLDWGGYAG-EGTIVTVSA,DIV-ITTSPMTRSVSVGEAASISCCRSQSCIDG------NGYNYMN-WYRQ-K-S-G-Q--A-PR-ELIYGA----------------SKV--A--T--GF--P---ARFSASG-------S--GT----D-FTLTISNVEP-GGVGSYYCQRARSTP-----------------------SKRAYQTFG-AGTRVEIK-,0.981846,1.0671036e-08,1.2493358e-14,9.303627e-09,6.8558226e-10,6.3284034e-08,2.9132843e-07,4.9125924e-07,4.010887e-09,0.00013652301,4.1342634e-08,5.2952808e-05,8.492749e-09,1.5926616e-05,1.8323227e-07,4.3733944e-05,6.757718e-06,0.00051965786,0.23250976,0.0002755916,0.00016109493,3.3907185e-07,6.16285e-06,1.8392758e-06,2.6188951e-24
VAQ-TLQSGP-ELMQPGASVKISCTDSGYTIS-------STSYAFS-WARG-S-G-G-K--S-LE-WVGWIHWHT----------GVGTQY--A--D--SF--Q---GRATSDR-D---K-S--KN----T-ASAQFNSARS-EHSGVAYGASDRTTTTYGL---------------GRPVVVGWADSWN-QGTLATASS,DLV-LTQSPASVSVTPGTSASISCQSSQSQVDS-----NDYNYANR-AYQQ-M-P-G-Q--A-PT-LMIRSA----------------SYR--P--S--GV--P---SRISSSG-------S--GT----S-ASLTISRVQE-ENEANYRCQTSSVSG-----------------------NRICSPVFN-SGTKLEIK-,0.18184178,1.2135275e-06,0.37360576,1.6397269e-05,1.3244652e-05,2.3011287e-05,2.8523235e-05,9.60218e-06,2.0320294e-05,0.199297,1.0919694e-06,0.0003045043,7.836854e-08,9.8903765e-05,2.383948e-06,0.0003503747,1.5452586e-05,6.462118e-11,0.773197,0.00052907725,0.0022087838,1.0076035e-06,1.7032855e-06,5.1288215e-08,1.320195e-28
EVQ-LQESGA-GLVKTSESGSISCTTSGGGGP-------SGGYWMS-WGRQ-G-P-G-G--G-LE-WSGRIYGVS----------GDGTNG--R--G--SL--K---ERGTLSP-D---T-S--TN----T-ASLGMSSVTA-SDTALYYGARGAMGGPVGG---------------GSYGGLNGGDGQG-QGTLVTVSS,DYV-LTGSPASASVSPGESPTISCRATQTFVDG------DGTKYVA-WAAQAK-P-G-Q--A-PK-LLISLD----------------SNR--P--T--GV--P---SRFSGSG-------S--GT----D-YSLTINTLQN-EDVADYYCQQVRSSP-----------------------PARGSPSYA-ALTKLDAK-,1.4808177e-08,1.9457746e-06,2.02202e-06,0.0038169462,6.2431154e-06,4.7243157e-05,8.2422794e-08,2.3342411e-06,0.002804967,0.00064613187,3.705476e-06,1.1203834e-05,6.368635e-08,1.2122959e-05,6.3875243e-09,1.4551145e-05,1.9576037e-05,4.0228025e-09,0.0005327897,0.15165652,3.6690562e-06,6.498743e-08,0.0001232192,3.3986674e-07,8.171479e-24
EVE-LCESGA-EVEKPGSSVKVTCKVTGYAFS-------STSYAIS-KVVQ-A-G-N-P--S-LA-SIGELSPSS----------GDYTRY--N--E--KV--T---AKVTLTA-D---K-S--TN----T-TYLELTPLTS-EGTAIYICTRRARYDRSGV---------------GSDYVGDWQDPAG-QGTLATVSS,ETV-LTQSPGTVTVSPGERATMSAKVSISTRMS------VSTNYLN-WYEQ-K-P-G-Q--A-PR-LLIHGA----------------SNR--A--S--GV--S---ARLSGSG-------S--GS----L-FSRTISSNED-EQLAIYYCDQNTSDP-----------------------ECLPRDTYG-GGTKLEIK-,0.15068822,8.276827e-07,4.1467034e-09,1.490619e-06,1.6400838e-05,1.5628206e-05,3.1349314e-06,8.941322e-09,5.971531e-11,5.6903383e-07,1.2398356e-10,8.808544e-09,2.8735646e-13,5.2877254e-09,6.7615193e-12,2.6939146e-09,1.305e-09,5.1549493e-13,1.3800486e-09,0.99999887,2.5073246e-07,5.442516e-11,3.7694714e-09,1.4146678e-10,2.0774158e-30
EAQ-LQESGA-ELNKTGASAKVSCTHSGYSLS-------DTSYYIN-GAKQ-A-P-D-K--G-PF-ALGGLYASS----------RYGDDT--A--Q--ST--K---SLVHVTR-D---R-T--KN----T-TSLELSSLKA-EGTGIYYALGWGSYGKAGL---------------GCSGLDGYFAYWA-QSTLVTASS,EIV-LTRSPATVTVSPLQRATVSCRNSNSNVDS------DGYSYLH-WYQQ-K-P-G-Q--A-PK-LAIGSA----------------SNR--V--S--GV--P---SRFSGSG-------S--LT----D-YALTISSLQA-GDAADYACGAAANDT-----------------------PGRGSATFG-PGTRVTIK-,2.3909443e-08,2.186851e-08,7.0654003e-11,6.065787e-10,1.2795698e-09,7.926007e-09,1.2414405e-07,0.0041370247,4.6359193e-05,1.6578031e-05,1.2810821e-06,8.930529e-06,1.799196e-08,0.011146068,3.9221113e-06,6.427296e-05,1.5439313e-05,3.2493745e-06,0.0007368797,0.9278337,1.1518277e-05,5.8081473e-06,0.0010438472,2.417569e-06,3.5600057e-26
EVE-LVQSGP-ETVKPDKSVKVSCKTEAYSFS-------TPSHYVS-AARS-S-T-G-Q--G-LE-WMPGIYASS----------GYKTDY--A--E--PV--Q---SRVTKTV-D---K-T--TT----T-AYTELSSLTA-KDTAVYYIARDGTYDRYAG---------------GHYGHHNWEDYWG-QATMATVSH,EGV-MTQSPATLRLSEGERVTISCTYSQNNISI------NSYNDIG-WYIQ-K-P-G-Q--P-PE-TLIYLS----------------SVR--A--T--GI--Q---DHFSGSG-------A--RT----D-YALTITRMQP-EDLAVYYCQQSNEDP-----------------------PNGGPTTFG-GGSRVEIK-,0.99515665,1.5246019e-07,8.271546e-06,3.743496e-07,9.836437e-06,1.0381232e-06,1.6804144e-05,2.592875e-07,5.8050066e-12,1.3086446e-06,7.163562e-09,9.128449e-08,2.5764207e-10,5.0351114e-06,5.1053235e-08,3.594902e-08,7.013439e-09,2.2200148e-09,8.2680675e-11,0.0025676861,1.7357132e-05,2.5518316e-09,6.119632e-10,4.8686216e-10,3.3518612e-20
QAE-RVRSGE-ELKQPADSVKISCKTSGNTFS-------SSHGEMN-WVKH-A-P-C-Q--G-RE-WLGYTLARS----------GYGTHY--S--P--KF--V---GRTTITA-G---K-T--SS----T-TKMQLSSLMS-EGSAVYRCARVSTTSCNGL---------------PSYYPHGGADVWG-QGTTVTVSS,ESV-ITQSPSSQPASPGELLTISCQASPINIVN-----KSYNHIAC-EYQQ-M-P-G-Q--V-SK-LLTAGA----------------SIR--P--S--VV--P---SRHSGSS-------S--GT----L-YTLTISFIAS-EDFAVYVCQNFCSLK-----------------------ACWGSVAGG-GETKVEIK-,0.99555284,5.437257e-10,1.231722e-10,1.9835421e-10,1.1424543e-08,1.942802e-06,2.4010042e-08,0.00012539957,0.000875854,5.7568315e-05,1.6637962e-07,2.4722176e-06,1.4360125e-08,7.441936e-06,7.127979e-08,9.875337e-06,3.5500054e-06,4.4000517e-10,1.658823e-05,0.9985178,0.00023108216,1.348944e-07,1.8703602e-05,1.4521247e-07,0.0
EAQ-LVFSGA-ELTQPGNSLAISAKSSEDSIY-------SVNYVVS-WVRE-A-P-G-Q--G-HL-IMGGIHPVP----------NTGTKY--G--Q--VF--Q---GRVTITA-D---N-S--TN----T-AYVKSTSFPS-DDTAVYYCTRHTFCGGVNL---------------GSGYLQTAFDYWG-QGTAVIVSS,GIV-MTQSPATLSASPGETATISCKGSNSISDN------AGPNYLA-WYQQ-K-P-A-P--P-PK-LLIYSA----------------SNR--A--N--GD--P---EGFSGSG-S---A-P--GV-------SLTSSSVEE-GDAAARYCQQTNVVP-----------------------AKWETKTFV-PGIKLEIA-,0.04980774,2.0942168e-06,9.742492e-06,0.002344306,0.00072430033,2.0913099e-07,0.00037021982,1.9376958e-07,9.798244e-09,3.0596002e-08,5.810064e-09,3.3228375e-06,6.8699704e-09,4.3594582e-07,1.3417996e-07,3.2284033e-06,2.5542923e-07,9.703453e-12,2.2306765e-05,0.002815849,0.00010418308,2.1925153e-08,4.2863653e-07,5.0939025e-06,4.060977e-24
TVQ-LRQSGS-EAKRPVESLKVSAKASSVSFS-------SGAYYAS-DIRQ-A-P-G-N--T-LE-WMGAANAAN----------SNDTAY--N--Q--SF--Q---GRVTINR-D---K-T--IT----T-AYLQLNNLTA-EDTDCFYCATDASCDFITN---------------GPYYFNDWADTWG-QGTMVVVFS,EIV-TTQSGSTMSVPLGEHATISCRGSESPVSS------YESNLGA-WYQQ-K-P-A-K--A-PK-RLIYRY----------------SNR--P--S--GV--P---SRFSGSF-------S--GT----D-VTLDISSLQS-EDVAIRYAQQFSNLP-----------------------STFGLTTFG-QGTKVVIK-,0.9928786,0.0004633328,3.197615e-07,3.16459e-05,1.8756954e-06,3.4502226e-09,0.0065220655,0.27461064,0.10712155,0.00087154674,9.6136704e-05,0.00015906624,2.232112e-06,0.00014833166,0.00021210502,1.5119574e-05,0.00986985,0.00034542687,0.19114766,0.012249268,0.17495194,9.99644e-06,0.0044526714,0.0032290884,4.4242777e-21
EVQ-RQQSGA-EVTKPGGSLKVSCKTSGYTFS-------STTAAVS-WVKQ-P-H-G-T--G-LE-WTGWLYHES----------GDGTNY--A--E--SV--R---GRVTVSY-G---K-S--TS----T-ASLQMSSLRS-EGTHVYYSARPGTGDWWGV---------------GWGWGGNWFDSWA-QGTTVTGSS,EAP-LTQSGLSLSASSGNRATHTCRTSQAKVQN------SIYIYIH-WYQQ-K-P-A-K--S-PQ-LLIYGA----------------SSR--G--T--GV--P---SRFSGSG-------S--GT----D-YTLTISSLQP-EDYATYFCQQSNVSP-----------------------NNYESQTHE-QGTKEEIQ-,0.9264474,7.55319e-07,1.21341045e-05,0.0014853497,8.996132e-05,0.006225202,0.0009690089,1.2543111e-05,4.2447955e-06,6.563075e-07,4.6293675e-07,2.590603e-06,5.1829524e-08,9.3436014e-05,2.333886e-08,2.3050573e-06,1.0093875e-06,0.030717418,0.05031657,0.8259867,0.09012553,1.4609104e-07,0.00010152109,1.640761e-05,8.7891234e-23
QVG-FVEWAG-GVKIPSASKKLSCKASVGSVS-------STNYGIS-AVRQ-A-G-A-E--G-LK-AVGWISGMG----------GTYTDY--S--E--SL--K---GVVTISA-A---K-S--TT----T-TFIELSSLRP-SSTTVRYCAPPASQDRVGS---------------GSPGGPGWFKPWG-EGTLITVSS,DLE-MTQSPLSLAVSLGESISIPCRTSQSLVDS-----DKYNFPDL-LYAQ-K-P-G-I--S-PR-LLIYTG----------------SSR--A--T--GS--P---DRISASG-------S--GT----D-FTLTITKVEA-ERIATYYCQQPRNTP-----------------------RRINSQAFA-QSTKLEKK-,0.7840964,0.00047268913,0.19425644,0.008888455,0.0065305135,0.00015341734,6.4078126e-06,7.1837297e-12,4.79138e-11,2.4294403e-08,1.2892537e-10,4.3065196e-09,1.9884715e-12,1.3897401e-08,9.886169e-10,1.5498343e-07,9.785743e-10,3.8130663e-09,0.99947387,7.1428476e-09,0.00019896634,3.1209937e-11,1.2713718e-09,2.880987e-10,1.6347412e-32
EVR-LMESGA-VVKQPGQSLKVSAKDSGYAFR-------NTSYSIS-WPRG-A-P-G-Q--G-LE-WMGYIYPNS----------GDGTNR--S--Q--SV--Q---GLVTIST-N---K-S--IS----T-ASLQLSSLKA-EDTPVYATARHDGYHWFAY---------------TCHWMHGAADHWG-QITLVTESS,ETV-LTQSAATLSVTPGEGASLSCKALQSLVHN-----NGYNFIAA-FYNQ-K-P-G-Q--S-PK-RLIRGG----------------ANV--G--S--GI--P---SRYNASG-------S--GT----D-TSQTISALQS-EGVQVYYCEQYTTTP-----------------------KSPTSKTFP-GGTKVEIL-,1.7499713e-05,0.00026040737,1.0065914e-08,3.84581e-07,0.007952698,1.7485783e-07,0.010929846,1.8755247e-07,0.0001068514,1.4111785e-06,4.9179465e-07,2.328428e-05,3.6152079e-10,4.037185e-08,4.300431e-08,2.5872457e-06,1.861453e-05,4.9794104e-13,0.022245096,0.9771649,0.0004288624,1.1183366e-09,6.3206644e-06,5.6791606e-07,0.0
KVE-RTQRGA-EVKKPDKSLKISCAASGYSAS-------DTSHYIN-WVQQ-A-P-G-K--A-LE-WIGIIYPSS----------GDRTKY--A--E--AF--Q---GRVTITR-D---G-S--KN----T-AYARCNSVTP-EGTAVRYCARHGSQTRFAI---------------GSYWPVDQEGFWR-QGTFVTVCS,GIV-LTQSPPSLSAPVGESATASARGSQSEVDA------DGYNYLQADYQQ-K-P-G-Q--A-GQ-LLIYGV----------------SNR--E--S--DV--P---ARLSNAG-------A--GT----G-YTTTISSIQS-ADFGVYFCQQANNT-------------------------PSGRVS------------,0.9837292,2.5292036e-06,1.1873587e-06,4.8543716e-05,0.00040939372,4.995993e-06,1.0180169e-05,5.207326e-06,0.00022423489,0.0010892787,8.2848004e-05,0.00022651683,8.7150674e-08,0.00023145041,1.0043985e-06,0.00024774967,0.00031111957,0.0011021104,0.0028861018,0.1640121,0.00012526853,2.3627952e-06,2.2265407e-05,4.7761055e-06,7.6379404e-35
EVD-TTQSLA-SAKMLGESVRISCKASGYTFT-------KPYYTYQ-WVKQ-T-K-A-E--I-LY-WVGVTDPAN----------SDVINY--Q--P--KE--Q---GRVTLGV-R---K-S--TS----T-NWMRRRSLRS-EDTNVYYCRRVRTYHYVNN---------------GGGWVDNWFHNFG-EGTMVTVSS,EIV-LTQSPASIALSTGERATISCRANHPFIHS------DGSNYLD-WVQQ-K-P-G-Q--S-PT-RHIYGA----------------SYH--E--T--DI--P---DWFSGSG-------T--GT----D-FTLTISVVEA-EDTGVYYCQQFSVSP-----------------------PDWEASNYG-DGTRVEIP-,0.08518831,1.4405829e-05,2.1170064e-11,5.322037e-09,0.0001242152,3.1671217e-08,3.4681793e-09,2.523409e-06,1.0222691e-07,1.1693034e-05,2.3181709e-08,4.0875934e-06,2.5900397e-09,2.731886e-07,4.7773902e-08,1.668769e-06,9.139805e-08,5.771785e-08,0.00073267653,5.8138347e-05,3.244421e-05,7.690105e-06,3.0256359e-05,4.3157947e-06,0.0
EAE-RVESGA-EVKKPGASTKISCKAAGYSFS-------STSYWMH-WVRQ-M-P-G-E--G-LE-WMGRIYPSK----------SCGSNR--S--M--KC--Q---GRVTLST-D---T-S--TN----T-ASLQLRSLTP-SDTATYRAARQAFHGWVGI---------------GSTWPDDWADVWA-QMTLVTVSS,EIV-NTQSPGTLSVSPGERATITCKASESTIAG------NSYPYIGVNYLK-K-P-G-Q--A-PK-FLIYSA----------------SNR--I--S--GI--P---SKFNESW-------S--GH----D-FALTISNIQS-FDFADYYCQHINSSP-----------------------PRYQSLTFG-AETKVEIK-,0.9942411,4.3252566e-08,1.580492e-07,1.4943925e-08,0.00033445557,1.2977968e-07,3.8040365e-05,1.2229958e-05,9.827291e-06,0.0010134222,1.0469674e-06,2.4953777e-05,8.614365e-08,0.0026528134,1.6505073e-06,9.289592e-06,5.0534195e-06,3.3141305e-07,8.8721745e-06,0.8882034,0.0011887174,9.660508e-07,2.5420091e-05,9.726945e-06,0.0
EVF-LLQAGP-FLTHTGSSLKVTCKNSGNSFT-------TGSYTIK-AVRQ-S-G-G-T--A-TF-WIGSIIPSN----------GYGTNT--A--K--TI--K---GRATISA-D---T-S--TN----T-AYMELSSLAS-EGSALYSCARDAQNSWVGR---------------GWYYGLNGFGMAG-QGTTVTVSS,ESV-MTGSEASLSVCPGESATISCRTTQSLIYS------DGTNYLH-WTQQ-K-T-G-Q--S-PK-LCIYSH----------------SKR--A--S--GV--S---GRTSGSG-------F--RT----D-ATLTISSTTA-EDVSTYYDQQALNPP-----------------------AHHGSSTYG-QGTRLEIK-,2.4433135e-07,7.928976e-07,5.3091074e-09,1.7585542e-07,1.6824482e-07,8.923689e-08,1.3175277e-08,2.1524562e-08,5.324894e-07,2.4850274e-06,5.322178e-09,1.0116865e-05,2.6127267e-08,6.5484182e-06,1.068484e-06,1.5627215e-06,4.7060874e-07,6.384351e-12,0.97867084,0.008384678,0.00050244416,1.04264274e-07,0.00048067028,2.9309472e-06,2.9293294e-34
EVD-LNQSGA-ETKITGQSIKVSCKTSGVSFP-------EADYATP-LTRQ-H-H-G-K--A-LE-WMGNTNYGT----------GYTTNY--G--P--KI--Q---VRVTLNS-G---K-S--TS----T-AYLPKKSLKA-EYTTIYYCVRDGHQTNVES---------------TGQGQIGYFNYWG-EGTLVTVSN,GIA-MTGSGSTISVSPGERATISCRASQSTVDK------SVSNYVH-WFQQ-L-P-A-T--S-TK-RIINGS----------------SNR--E--S--DV--P---SRTSGSK-------S--GH----D-PTLTISRLEP-EDVAVYYCQSYTSTP-----------------------SELVSQTYG-QATKAEIT-,0.0095086545,3.0635732e-08,4.7053806e-12,1.0288887e-08,8.93453e-05,5.8769544e-08,1.2056326e-07,0.0021855657,7.5359244e-06,4.0847004e-07,2.0760514e-07,1.1525143e-05,4.4569682e-05,0.00036923302,1.3450511e-06,7.2440446e-07,3.291283e-07,8.642018e-07,2.1009742e-05,0.0025096282,0.0032247722,3.7084519e-07,0.013313049,6.699842e-06,0.0
QAQ-LVQSGA-GVTKGAASVKLSCKTSGYSIS-------SYSYGVS-AVRQ-A-P-G-Q--G-PE-WVGGISPMS----------GPYTHY--A--Q--SV--Q---ARLTLTV-D---K-S--TS----T-AYLELTASNP-EDTATYYAARNARGTRVGV---------------GPHYLLDWHDYWG-AGTLVTVST,DIV-MHQSPTTLSVNVYEPATISCKTSNTLANG------DGSNYVV-WYQQ-K-A-G-Q--S-PK-RLIAGI----------------STR--A--T--GV--E---HKFSGNA-------S--GT----D-ITLTISSVEP-EDFAVHYDQQYRNWL-----------------------KKLISPTFG-GGTK-----,0.014731335,2.4487965e-05,4.6565768e-07,8.286128e-06,7.46369e-07,9.078807e-06,7.6484e-05,2.8356325e-07,2.9516522e-07,7.718498e-06,4.253532e-08,1.8443957e-06,1.2391169e-08,3.1975397e-08,3.72667e-08,1.3008202e-05,2.839561e-06,7.683953e-09,0.004804072,2.2090585e-07,2.592532e-07,7.2565745e-09,2.3381438e-06,4.245617e-10,3.5508823e-16
QAQ-LEQSGV-EVVKPGSSVKVSSKTSGYWAS-------TTSHWIS-WVRR-S-P-A-K--G-FE-WMGGIQPGS----------GNYTNF--N--E--KY--Q---GRATITA-G---K-S--SN----T-AYTQLTSLTA-EGTTTYYCARNNTHDTYGS---------------GSSYPLDYFDVWG-QATTITVSS,EVV-LTQSPGTTSLPPGERATLSIHASHHLVDS------DGSTYVS-WYQE-K-S-G-Q--A-TR-RTIYGA----------------SNR--A--S--GI--V---GRFSGSG-------S--AT----G-YTLTIRSVES-EQSAVFFAQQFSSTP-----------------------QKWGSVTFG-HVTRLEIK-,0.891325,1.3044681e-07,5.596126e-10,5.3625304e-06,7.6679655e-08,4.3968676e-06,8.480318e-06,5.0316484e-09,8.9229786e-08,0.0002753326,5.723275e-09,8.836366e-06,1.4278234e-10,9.56418e-08,9.187135e-09,1.3102228e-05,6.6811833e-07,1.4129654e-15,5.368405e-05,0.9804216,6.244687e-07,2.7306564e-08,2.4229033e-08,2.4687162e-07,7.555062e-28
GNF-LVESGA-GATKPAPSLSVSCKVSGESFS-------SGSYGIS-WARQ-A-G-G-P--G-LE-WMGGIIPSS----------GEFINR--G--P--SF--Q---GKATITA-G---R-S--TT----T-AFFELSSLTS-EDTAVYYCMRPRRFDFYGL---------------TSYQPLGWHGYWG-QGTLATVSS,DAV-MTQSPPTLPVSVGESASISKKAAESVVSS------DAYNYLN-WYEE-N-P-G-Q--S-PE-MLIWAG----------------TNR--E--S--GI--P---DRFSGSG-------S--GT----G-FTLSISRVEA-GAVAVTYAMGSIAHP-----------------------KPWGTKTFG-QGTKVEIK-,0.00014030765,1.6857335e-06,3.890844e-09,0.00017240779,5.636928e-07,7.2737345e-07,1.3964844e-06,8.7665825e-08,2.2888972e-07,1.7931055e-06,1.7525743e-08,3.2991443e-07,9.507439e-11,3.3574094e-07,3.2723763e-06,9.4037574e-07,3.0600947e-07,4.299857e-10,0.00037128298,7.251648e-08,1.6262126e-06,1.4668714e-08,1.7776353e-08,5.5025517e-09,2.9272274e-13
QAQ-IVQSGP-GLVKTGTSVKVSAKTTGYNFS-------NKNYIVS-WVRE-V-P-G-R--G-LE-AMGRIYGRD----------GDYTDR--A--E--KV--V---GKVTIST-D---K-D--KN----T-WYLQMSSLKA-EDTAVSYAARNDLVCYGGG---------------GRYGLHNAYDNAG-QGTLVTVSS,DIV-TTQTSGKLSISLGERVTINYKTSQSYVDG-----SGYNYTHH-AYEQ-K-D-G-K--Y-PK-LLIYGG----------------SNR--E--S--GV--P---DRDSGSN-------A--GT----D-VTLTISEVQS-DDKINRYCSQSTDYT-----------------------LYLDAVTFL-QGTTYEIK-,0.12640323,4.0169627e-07,0.86926925,3.3592876e-08,1.9068186e-06,0.0010418465,0.00034977618,7.048392e-05,9.451374e-07,0.00011400468,1.0270569e-06,2.4093408e-05,1.0571573e-07,5.091979e-06,1.3816627e-05,1.8252049e-06,9.376173e-06,2.9088616e-09,4.347588e-07,6.8522154e-06,0.07619257,8.927088e-09,4.16846e-06,1.7676833e-06,7.2656506e-23
EVR-LVQAGP-EVKQQKESAKLSCKTFGLSVS-------STHYGNN-WAHG-A-P-G-N--G-PE-AIGHILPMN----------GYGIHY--C--P--KV--Q---GNSTIST-D---K-T--TS----T-AYMDLSSATS-EDTAIYYCTVPATKLTYGT---------------ACGWGLSYFDPWA-QGTLATVSS,EIV-ITQSPITLPVSPGEPASITCRASQSVLHS------DGYNYLD-WVKQ-K-P-G-Q--A-PQ-HLIALA----------------SRR--A--S--GV--G---ARFSGSG-------S--GH----D-FTLKIRAVQS-EGVGVYYCQAANQTP-----------------------QGFGQQTFG-GGTKLEIK-,0.14501841,7.532518e-08,1.8184878e-07,2.0011959e-10,1.01886975e-07,1.5156849e-06,1.531396e-11,7.3191e-12,9.336313e-11,5.065205e-07,1.2587417e-10,7.2501927e-10,1.5309573e-12,4.056744e-08,1.2365191e-09,7.780021e-08,2.174386e-08,6.0414357e-10,0.99977285,5.1078905e-06,4.78037e-07,5.0771526e-10,3.613163e-08,7.184156e-11,2.384647e-26
